<?xml version="1.0" encoding="utf-8"?>
<ProductsCollection>
  <Products>
    <Product>
      <ProductID>gold</ProductID>
      <ProductSKU>gold</ProductSKU>
      <IsConsumable>true</IsConsumable>
      <Type>Gem</Type>
      <Value>100</Value>
      <Price>2.9</Price>
    </Product>
    <Product>
      <ProductID>gold</ProductID>
      <ProductSKU>gold</ProductSKU>
      <IsConsumable>true</IsConsumable>
      <Type>Gem</Type>
      <Value>2000</Value>
      <Price>29.9</Price>
    </Product>
    <Product>
      <ProductID>gold</ProductID>
      <ProductSKU>gold</ProductSKU>
      <IsConsumable>true</IsConsumable>
      <Type>Gem</Type>
      <Value>250</Value>
      <Price>4.9</Price>
    </Product>
    <Product>
      <ProductID>gold</ProductID>
      <ProductSKU>gold</ProductSKU>
      <IsConsumable>true</IsConsumable>
      <Type>Gem</Type>
      <Value>600</Value>
      <Price>9.9</Price>
    </Product>
    <Product>
      <ProductID>gold</ProductID>
      <ProductSKU>gold</ProductSKU>
      <IsConsumable>true</IsConsumable>
      <Type>Star</Type>
      <Value>5000</Value>
      <Price>2.9</Price>
    </Product>
    <Product>
      <ProductID>gold</ProductID>
      <ProductSKU>gold</ProductSKU>
      <Type>Star</Type>
      <Value>11000</Value>
      <Price>4.9</Price>
    </Product>
    <Product>
      <ProductID>gold</ProductID>
      <ProductSKU>gold</ProductSKU>
      <IsConsumable>true</IsConsumable>
      <Type>Star</Type>
      <Value>25000</Value>
      <Price>9.9</Price>
    </Product>
    <Product>
      <ProductID>gold</ProductID>
      <ProductSKU>gold</ProductSKU>
      <IsConsumable>true</IsConsumable>
      <Type>Star</Type>
      <Value>80000</Value>
      <Price>29.9</Price>
    </Product>
    <Product>
      <ProductID>x2_exp</ProductID>
      <ProductSKU>zombiedefense.x2Exp</ProductSKU>
      <Price>0.9</Price>
    </Product>
    <Product>
      <ProductID>x3_exp</ProductID>
      <ProductSKU>zombiedefense.x3Exp</ProductSKU>
      <Price>1.9</Price>
    </Product>
    <Product>
      <ProductID>x4_exp</ProductID>
      <ProductSKU>zombiedefense.x4Exp</ProductSKU>
      <Price>2.9</Price>
    </Product>
    <Product>
      <ProductID>x2_gameplayspeed</ProductID>
      <ProductSKU>zombiedefense.x2GameplaySpeed</ProductSKU>
      <Price>4.9</Price>
    </Product>
  </Products>
</ProductsCollection>