<?xml version="1.0" encoding="Windows-1252"?>
<UnitDataCollection xmlns:xsi="http://www.w3.org/2001/XMLSchema-instance" xmlns:xsd="http://www.w3.org/2001/XMLSchema">
  <Units>
    <Unit>
      <UnitID>01</UnitID>
      <UnitName>Double Pistol</UnitName>
      <Level>1</Level>
      <Exp>0</Exp>
      <Health>100</Health>
      <Damage>20</Damage>
      <AttackSpeed>35</AttackSpeed>
      <Range>130</Range>
      <Critical>3</Critical>
      <NumberOfAmmoToReload>7</NumberOfAmmoToReload>
      <NumberOfShootToUpgrade>10</NumberOfShootToUpgrade>
      <Price>40</Price>
      <TimeCountdownSelect>6</TimeCountdownSelect>
      <UnlockAtLevel>1</UnlockAtLevel>
    </Unit>
    <Unit>
      <UnitID>02</UnitID>
      <UnitName>Tanker</UnitName>
      <Level>1</Level>
      <Exp>0</Exp>
      <Health>200</Health>
      <Damage>10</Damage>
      <AttackSpeed>30</AttackSpeed>
      <Range>30</Range>
      <Critical>2</Critical>
      <NumberOfAmmoToReload>-1</NumberOfAmmoToReload>
      <NumberOfShootToUpgrade>7</NumberOfShootToUpgrade>
      <Price>50</Price>
      <TimeCountdownSelect>8</TimeCountdownSelect>
      <UnlockAtLevel>2</UnlockAtLevel>
    </Unit>
    <Unit>
      <UnitID>03</UnitID>
      <UnitName>Sniper</UnitName>
      <Level>1</Level>
      <Exp>0</Exp>
      <Health>120</Health>
      <Damage>35</Damage>
      <AttackSpeed>20</AttackSpeed>
      <Range>160</Range>
      <Critical>5</Critical>
      <NumberOfAmmoToReload>6</NumberOfAmmoToReload>
      <NumberOfShootToUpgrade>10</NumberOfShootToUpgrade>
      <Price>60</Price>
      <TimeCountdownSelect>11</TimeCountdownSelect>
      <UnlockAtLevel>3</UnlockAtLevel>
    </Unit>
    <Unit>
      <UnitID>04</UnitID>
      <UnitName>Shotgun</UnitName>
      <Level>1</Level>
      <Exp>0</Exp>
      <Health>140</Health>
      <Damage>30</Damage>
      <AttackSpeed>30</AttackSpeed>
      <Range>130</Range>
      <Critical>10</Critical>
      <NumberOfAmmoToReload>6</NumberOfAmmoToReload>
      <NumberOfShootToUpgrade>10</NumberOfShootToUpgrade>
      <Price>80</Price>
      <TimeCountdownSelect>15</TimeCountdownSelect>
      <UnlockAtLevel>5</UnlockAtLevel>
    </Unit>
    <Unit>
      <UnitID>05</UnitID>
      <UnitName>Gatling Gun</UnitName>
      <Level>1</Level>
      <Exp>0</Exp>
      <Health>200</Health>
      <Damage>35</Damage>
      <AttackSpeed>55</AttackSpeed>
      <Range>150</Range>
      <Critical>7</Critical>
      <NumberOfAmmoToReload>-1</NumberOfAmmoToReload>
      <NumberOfShootToUpgrade>15</NumberOfShootToUpgrade>
      <Price>100</Price>
      <TimeCountdownSelect>18</TimeCountdownSelect>
      <UnlockAtLevel>8</UnlockAtLevel>
    </Unit>
    <Unit>
      <UnitID>06</UnitID>
      <UnitName>Fireman</UnitName>
      <Level>1</Level>
      <Exp>0</Exp>
      <Health>350</Health>
      <Damage>30</Damage>
      <AttackSpeed>40</AttackSpeed>
      <Range>80</Range>
      <Critical>3</Critical>
      <NumberOfAmmoToReload>-1</NumberOfAmmoToReload>
      <NumberOfShootToUpgrade>12</NumberOfShootToUpgrade>
      <Price>120</Price>
      <TimeCountdownSelect>20</TimeCountdownSelect>
      <UnlockAtLevel>10</UnlockAtLevel>
    </Unit>
    <Unit>
      <UnitID>07</UnitID>
      <UnitName>Mr Rocket</UnitName>
      <Level>1</Level>
      <Exp>0</Exp>
      <Health>170</Health>
      <Damage>70</Damage>
      <AttackSpeed>30</AttackSpeed>
      <Range>170</Range>
      <Critical>10</Critical>
      <NumberOfAmmoToReload>4</NumberOfAmmoToReload>
      <NumberOfShootToUpgrade>6</NumberOfShootToUpgrade>
      <Price>140</Price>
      <TimeCountdownSelect>22</TimeCountdownSelect>
      <UnlockAtLevel>15</UnlockAtLevel>
    </Unit>
    <Unit>
      <UnitID>08</UnitID>
      <UnitName>Electric</UnitName>
      <Level>1</Level>
      <Exp>0</Exp>
      <Health>400</Health>
      <Damage>45</Damage>
      <AttackSpeed>35</AttackSpeed>
      <Range>100</Range>
      <Critical>10</Critical>
      <NumberOfAmmoToReload>-1</NumberOfAmmoToReload>
      <NumberOfShootToUpgrade>15</NumberOfShootToUpgrade>
      <Price>160</Price>
      <TimeCountdownSelect>25</TimeCountdownSelect>
      <UnlockAtLevel>20</UnlockAtLevel>
    </Unit>
  </Units>
</UnitDataCollection>