<?xml version="1.0" encoding="Windows-1252"?>
<QuestDataCollection xmlns:xsi="http://www.w3.org/2001/XMLSchema-instance" xmlns:xsd="http://www.w3.org/2001/XMLSchema">
  <Quests>
    <Quest>
      <QuestID>01</QuestID>
      <QuestName>Kill Zombies</QuestName>
      <RequireValue>
        <Value>5</Value>
        <PercentIncreasePerStep>200</PercentIncreasePerStep>
      </RequireValue>
      <Reward>
        <Star>40</Star>
        <Gem>2</Gem>
        <PercentIncreasePerStep>50</PercentIncreasePerStep>
      </Reward>
      <CurrentProgressValue>0</CurrentProgressValue>
      <CurrentStep>0</CurrentStep>
    </Quest>
    <Quest>
      <QuestID>02</QuestID>
      <QuestName>Complete Level</QuestName>
      <RequireValue>
        <Value>5</Value>
        <PercentIncreasePerStep>100</PercentIncreasePerStep>
      </RequireValue>
      <Reward>
        <Star>100</Star>
        <Gem>5</Gem>
        <PercentIncreasePerStep>50</PercentIncreasePerStep>
      </Reward>
      <CurrentProgressValue>0</CurrentProgressValue>
      <CurrentStep>0</CurrentStep>
    </Quest>
    <Quest>
      <QuestID>03</QuestID>
      <QuestName>Using Mine</QuestName>
      <RequireValue>
        <Value>5</Value>
        <PercentIncreasePerStep>200</PercentIncreasePerStep>
      </RequireValue>
      <Reward>
        <Star>40</Star>
        <Gem>2</Gem>
        <PercentIncreasePerStep>50</PercentIncreasePerStep>
      </Reward>
      <CurrentProgressValue>0</CurrentProgressValue>
      <CurrentStep>0</CurrentStep>
    </Quest>
    <Quest>
      <QuestID>04</QuestID>
      <QuestName>Using Freeze</QuestName>
      <RequireValue>
        <Value>5</Value>
        <PercentIncreasePerStep>190</PercentIncreasePerStep>
      </RequireValue>
      <Reward>
        <Star>50</Star>
        <Gem>2</Gem>
        <PercentIncreasePerStep>50</PercentIncreasePerStep>
      </Reward>
      <CurrentProgressValue>0</CurrentProgressValue>
      <CurrentStep>0</CurrentStep>
    </Quest>
    <Quest>
      <QuestID>05</QuestID>
      <QuestName>Using Rocket</QuestName>
      <RequireValue>
        <Value>5</Value>
        <PercentIncreasePerStep>180</PercentIncreasePerStep>
      </RequireValue>
      <Reward>
        <Star>60</Star>
        <Gem>3</Gem>
        <PercentIncreasePerStep>50</PercentIncreasePerStep>
      </Reward>
      <CurrentProgressValue>0</CurrentProgressValue>
      <CurrentStep>0</CurrentStep>
    </Quest>
    <Quest>
      <QuestID>06</QuestID>
      <QuestName>Stars At Levels</QuestName>
      <RequireValue>
        <Value>10</Value>
        <PercentIncreasePerStep>150</PercentIncreasePerStep>
      </RequireValue>
      <Reward>
        <Star>50</Star>
        <Gem>2</Gem>
        <PercentIncreasePerStep>50</PercentIncreasePerStep>
      </Reward>
      <CurrentProgressValue>0</CurrentProgressValue>
      <CurrentStep>0</CurrentStep>
    </Quest>
    <Quest>
      <QuestID>07</QuestID>
      <QuestName>Get Free Reward</QuestName>
      <RequireValue>
        <Value>5</Value>
        <PercentIncreasePerStep>200</PercentIncreasePerStep>
      </RequireValue>
      <Reward>
        <Star>50</Star>
        <Gem>2</Gem>
        <PercentIncreasePerStep>50</PercentIncreasePerStep>
      </Reward>
      <CurrentProgressValue>0</CurrentProgressValue>
      <CurrentStep>0</CurrentStep>
    </Quest>
    <Quest>
      <QuestID>08</QuestID>
      <QuestName>Earn Gem</QuestName>
      <RequireValue>
        <Value>20</Value>
        <PercentIncreasePerStep>200</PercentIncreasePerStep>
      </RequireValue>
      <Reward>
        <Star>50</Star>
        <Gem>3</Gem>
        <PercentIncreasePerStep>50</PercentIncreasePerStep>
      </Reward>
      <CurrentProgressValue>0</CurrentProgressValue>
      <CurrentStep>0</CurrentStep>
    </Quest>
    <Quest>
      <QuestID>09</QuestID>
      <QuestName>Earn Stars</QuestName>
      <RequireValue>
        <Value>500</Value>
        <PercentIncreasePerStep>180</PercentIncreasePerStep>
      </RequireValue>
      <Reward>
        <Star>70</Star>
        <Gem>3</Gem>
        <PercentIncreasePerStep>50</PercentIncreasePerStep>
      </Reward>
      <CurrentProgressValue>200</CurrentProgressValue>
      <CurrentStep>0</CurrentStep>
    </Quest>
    <Quest>
      <QuestID>10</QuestID>
      <QuestName>Using Energy</QuestName>
      <RequireValue>
        <Value>10</Value>
        <PercentIncreasePerStep>150</PercentIncreasePerStep>
      </RequireValue>
      <Reward>
        <Star>50</Star>
        <Gem>2</Gem>
        <PercentIncreasePerStep>50</PercentIncreasePerStep>
      </Reward>
      <CurrentProgressValue>1</CurrentProgressValue>
      <CurrentStep>0</CurrentStep>
    </Quest>
  </Quests>
</QuestDataCollection>